{"diff": 0.17337780778325332, "own": 0.17337780778325332, "ratio": 0.17337780778325332}