{"diff": 0.2807239695590757, "own": 0.2807239695590757, "ratio": 0.2807239695590757}