{"diff": 0.0011933000243777932, "own": 0.0011933000243777932, "ratio": 0.0011933000243777932}