{"diff": 0.14443254995607557, "own": 0.14443254995607557, "ratio": 0.14443254995607557}