{"diff": 0.12239802184859436, "own": 0.12362017149829434, "ratio": 0.12239802184859436}