{"diff": 0.4708562275353384, "own": 0.4803062128446826, "ratio": 0.4708562275353384}