{"diff": 0.028992930303103875, "own": 0.028992930303103875, "ratio": 0.028992930303103875}