{"diff": 0.22226178305778727, "own": 0.22226178305778727, "ratio": 0.22226178305778727}