{"diff": 0.31707360038823423, "own": 0.31707360038823423, "ratio": 0.31707360038823423}