{"diff": 0.07482193570145589, "own": 0.07482193570145589, "ratio": 0.07482193570145589}