{"diff": 0.21313393277834017, "own": 0.21313393277834017, "ratio": 0.21313393277834017}