{"diff": 0.0607281357063584, "own": 0.0607281357063584, "ratio": 0.0607281357063584}