{"diff": 0.10972741719755873, "own": 0.10972741719755873, "ratio": 0.10972741719755873}