{"diff": 0.22677541097091675, "own": 0.23056328286772948, "ratio": 0.22677541097091675}