{"diff": 0.46868037482770863, "own": 0.4844680460402503, "ratio": 0.46868037482770863}