{"diff": 0.06846953051795314, "own": 0.06846953051795314, "ratio": 0.06846953051795314}