{"diff": 0.005198156068989462, "own": 0.005198156068989462, "ratio": 0.005198156068989462}