{"diff": 0.3875813967900575, "own": 0.3875813967900575, "ratio": 0.3875813967900575}