{"diff": 0.4015474431245733, "own": 0.43362758799360424, "ratio": 0.4016345319110228}