{"diff": 0.41601673974879144, "own": 0.485144247444372, "ratio": 0.4161972131772977}