{"diff": 0.2156862830912523, "own": 0.2156862830912523, "ratio": 0.2156862830912523}