{"diff": 0.6217504569694611, "own": 0.6217504569694611, "ratio": 0.6217504569694611}