{"diff": 0.039160097371616624, "own": 0.039160097371616624, "ratio": 0.039160097371616624}