{"diff": 0.13267349952955362, "own": 0.13267349952955362, "ratio": 0.13267349952955362}