{"diff": 0.24519671605708102, "own": 0.24519671605708102, "ratio": 0.24519671605708102}