{"diff": 0.5479162008974583, "own": 0.5479162008974583, "ratio": 0.5479162008974583}