{"diff": 0.05554383691177098, "own": 0.05554383691177098, "ratio": 0.05554383691177098}