{"diff": 0.1562501495833019, "own": 0.1562501495833019, "ratio": 0.1562501495833019}