{"diff": 0.2516105264908569, "own": 0.27488051830812094, "ratio": 0.2519652014777019}