{"diff": 0.405169897179873, "own": 0.4835790528639343, "ratio": 0.40631297265960226}