{"diff": 0.3432913839084287, "own": 0.3432913839084287, "ratio": 0.3432913839084287}