{"diff": 0.18748848320281528, "own": 0.18748848320281528, "ratio": 0.18748848320281528}