{"diff": 0.5005895215342436, "own": 0.5005895215342436, "ratio": 0.5005895215342436}