{"diff": 0.07022106900271527, "own": 0.07022106900271527, "ratio": 0.07022106900271527}