{"diff": 0.18589919608813357, "own": 0.18589919608813357, "ratio": 0.18589919608813357}