{"diff": 0.4921387782472814, "own": 0.4921387782472814, "ratio": 0.4921387782472814}