{"diff": 0.37289053229056324, "own": 0.37289053229056324, "ratio": 0.37289053229056324}