{"diff": 0.24328908141299316, "own": 0.24328908141299316, "ratio": 0.24328908141299316}