{"diff": 0.1023663129342841, "own": 0.1023663129342841, "ratio": 0.1023663129342841}