{"diff": 0.24929677446768328, "own": 0.24929677446768328, "ratio": 0.24929677446768328}