{"diff": 0.6071224016819726, "own": 0.6071224016819726, "ratio": 0.6071224016819726}