{"diff": 0.172194376315997, "own": 0.172194376315997, "ratio": 0.172194376315997}