{"diff": 0.40120539948950057, "own": 0.40120539948950057, "ratio": 0.40120539948950057}