{"diff": 0.25258268221362873, "own": 0.25258268221362873, "ratio": 0.25258268221362873}