PPC Index	Possible Location Combinations	My Traffic	Opponent Traffic	Total Traffic	Traffic Difference	Traffic Ratio
2	[(40.72, -74.01), (41.85, -87.62), (37.24, -121.78)]	13075606.586509144	12528213.781404773	25603820.367913917	547392.8051043712	1.04
0	[(40.72, -74.01), (37.24, -121.78)]	6537803.293254572	12528213.781404773	19066017.074659344	-5990410.488150201	0.52
1	[(41.85, -87.62), (37.24, -121.78)]	6537803.293254572	12528213.781404773	19066017.074659344	-5990410.488150201	0.52
