{"diff": 0.35261425118118145, "own": 0.35261425118118145, "ratio": 0.35261425118118145}