{"diff": 0.0014842897506580806, "own": 0.0014842897506580806, "ratio": 0.0014842897506580806}