{"diff": 0.02560603648545477, "own": 0.02562068368322606, "ratio": 0.02560603648545477}