{"diff": 0.5494587204389926, "own": 0.5500875043878377, "ratio": 0.5494587204389926}