{"diff": 0.13741272404803637, "own": 0.13741272404803637, "ratio": 0.13741272404803637}