{"diff": 0.031817091664832264, "own": 0.031817091664832264, "ratio": 0.031817091664832264}