{"diff": 0.12211489035904323, "own": 0.12415459810069387, "ratio": 0.12211489035904323}