{"diff": 0.05092136846432901, "own": 0.05092136846432901, "ratio": 0.05092136846432901}