{"diff": 0.058451803872074014, "own": 0.058451803872074014, "ratio": 0.058451803872074014}