{"diff": 0.4758047872065979, "own": 0.4758047872065979, "ratio": 0.4758047872065979}