{"diff": 0.6334077671528039, "own": 0.6334077671528039, "ratio": 0.6334077671528039}