{"diff": 0.2860740624912304, "own": 0.2860740624912304, "ratio": 0.2860740624912304}