{"diff": 0.21493834697694666, "own": 0.21493834697694666, "ratio": 0.21493834697694666}