{"diff": 0.12963418892013187, "own": 0.12963418892013187, "ratio": 0.12963418892013187}