{"diff": 0.2524881875699858, "own": 0.2524881875699858, "ratio": 0.2524881875699858}