{"diff": 0.4917706154018763, "own": 0.4917706154018763, "ratio": 0.4917706154018763}